cluster,employees,tenure_years,age,salary_k,performance_score,absenteeism_days,workload_index,Department,Education_Level,risk_score
5,700,5.0224719185536895,38.095737578517394,37.74959223262747,25.036833021166967,12.070958528755169,6.931244504205442,HR,High School,1.154730872281776
2,701,0.7499325093199554,23.108592438080027,32.10008829767167,49.92489402522545,3.035202211750539,4.007346676015157,Sales,PhD,0.11372025433243821
3,1348,6.751616101011194,41.92674118623399,69.55162309273634,69.80826270124007,3.063284488425044,6.450559025916996,Finance,Master,-0.14277236334073404
4,704,10.987645159273656,47.972499005824034,62.09981313977646,35.399012464625905,5.988009152387075,3.9370681704166244,Marketing,High School,-0.14988969711149275
1,700,1.4897073071699076,23.87342287959228,42.163377213828426,91.5272093914201,0.9754020412247721,4.024470816785855,HR,Bachelor,-0.4457678383213106
0,747,12.250610390942214,51.52601964264666,94.65498370667707,87.17991953136537,1.008383235101212,8.10936485524132,Sales,PhD,-0.5300212278406755
