model,k_or_param,silhouette,inertia,noise_ratio
dbscan,"eps=0.5,min_samples=12",0.7017017409663232,,0.986938775510204
kprototypes,6,0.5240178801319193,7211.2140414613905,0.0
kmeans_pca,5,0.37921613542062266,14641.0518977485,0.0
kmeans_std,5,0.35412959912892344,16607.0147312324,0.0
kmeans_minmax,5,0.2213230216042162,11957.78900746076,0.0
